name,ca,mn,mn3_ca_only,mn3_default_anneal,eg_default,eta_default_mv,T_opt_C,h2_opt_pct,time_opt_h,eg_opt,eta_opt_mv,stable,gate2_pass
Ca(0.11)Mn(0.55)W(0.34),0.11,0.549,0.40072859671998434,0.7499963848533653,0.7499963848533653,277.5581705226893,159.3,2.0,1.03,0.519619238743029,245.00033847949078,True,True
Ca(0.15)Mn(0.32)W(0.29)Ti(0.25),0.148,0.317,0.75,0.75,0.75,277.55883581005736,150.0,2.0,1.0,0.75,277.55883581005736,True,True
Ca(0.08)Mn(0.56)W(0.31) (P3),0.08,0.56,0.28571428520408165,0.7499951943934613,0.7499951943934613,277.5579514456963,150.1,5.1,1.03,0.5191596698572022,245.00130013240306,True,True
