name,f_CaWO4,cum_500h_cont,cum_500h_pulsed,D_ss_cont,D_ss_pulsed,p50_cont_h,p50_pulsed_h,alpha_fit,gate3_pass
Ca(0.11)Mn(0.55)W(0.34) #1,0.11573033707865166,18.21,9.11,0.013,0.0065,14615,143506,0.689,True
Ca(0.15)Mn(0.32)W(0.29)Ti(0.25) #9,0.14201877934272297,7.97,3.99,0.0059,0.0029,111517,250000,0.633,True
Ca(0.08)Mn(0.56)W(0.31) P3,0.07826086956521737,18.83,9.42,0.0122,0.0061,24586,250000,0.753,True
"MnO2 (baseline, no Ca/W)",0.0,133.81,66.91,0.1249,0.0625,68,278,0.519,False
